CustomerID,TotalQuantity,AvgItems,AvgUnitPrice,TotalSpent,Cluster,Persona
C10002,3,4.0,490.01,1470.03,2,Premium Customers
C10054,2,7.0,76.74,153.48,0,Budget Customers
C10126,2,4.0,674.9,1349.8,2,Premium Customers
C10154,4,8.0,325.76,1303.04,0,Budget Customers
C10211,5,10.0,127.18,635.9000000000001,0,Budget Customers
C10222,1,4.0,204.08,204.08,2,Premium Customers
C10477,1,5.0,466.42,466.42,2,Premium Customers
C10642,2,5.0,461.37,922.74,2,Premium Customers
C10787,4,9.0,274.82,1099.28,0,Budget Customers
C10791,1,5.0,355.09,355.09,2,Premium Customers
C10866,3,5.0,263.19,789.5699999999999,2,Premium Customers
C10892,2,7.0,377.47,754.94,2,Premium Customers
C11127,5,5.0,261.33,1306.65,0,Budget Customers
C11210,5,9.0,90.92,454.6,0,Budget Customers
C11415,5,7.0,575.24,2876.2,1,Regular Customers
C11473,2,2.0,73.41,146.82,2,Premium Customers
C11644,1,6.0,46.66,46.66,2,Premium Customers
C11657,4,9.0,66.1,264.4,0,Budget Customers
C11665,3,6.0,112.46,337.38,0,Budget Customers
C11676,2,2.0,464.5,929.0,2,Premium Customers
C11829,2,4.0,139.57,279.14,2,Premium Customers
C11849,2,7.0,238.25,476.5,0,Budget Customers
C11893,5,7.0,316.4,1582.0,1,Regular Customers
C11906,3,6.0,412.53,1237.59,1,Regular Customers
C11921,1,5.0,452.7,452.7,2,Premium Customers
C11940,3,7.0,149.34,448.02,0,Budget Customers
C11985,1,1.0,30.44,30.44,2,Premium Customers
C11998,3,6.0,498.66,1495.98,1,Regular Customers
C12039,1,1.0,132.68,132.68,2,Premium Customers
C12245,2,3.0,407.79,815.58,2,Premium Customers
C12301,1,1.0,531.74,531.74,2,Premium Customers
C12388,5,10.0,536.72,2683.6,1,Regular Customers
C12408,2,4.0,80.77,161.54,2,Premium Customers
C12421,1,4.0,93.02,93.02,2,Premium Customers
C12444,3,8.0,76.96,230.88,0,Budget Customers
C12459,2,4.0,142.08,284.16,2,Premium Customers
C12472,3,3.0,84.31,252.93,2,Premium Customers
C12479,5,10.0,24.82,124.1,0,Budget Customers
C12487,3,3.0,475.69,1427.07,2,Premium Customers
C12607,1,6.0,281.52,281.52,2,Premium Customers
C12609,4,8.0,136.83,547.32,0,Budget Customers
C12667,1,1.0,223.3,223.3,2,Premium Customers
C12740,5,10.0,128.95,644.75,0,Budget Customers
C12813,5,8.0,292.54,1462.7,0,Budget Customers
C12818,3,6.0,63.68,191.04,0,Budget Customers
C13100,4,4.0,294.41,1177.64,0,Budget Customers
C13108,5,10.0,658.77,3293.85,1,Regular Customers
C13169,1,5.0,536.07,536.07,2,Premium Customers
C13186,2,7.0,444.84,889.68,2,Premium Customers
C13205,5,7.0,421.42,2107.1,1,Regular Customers
C13296,2,6.0,54.41,108.82,0,Budget Customers
C13324,2,2.0,599.74,1199.48,2,Premium Customers
C13366,4,5.0,678.55,2714.2,1,Regular Customers
C13501,5,5.0,85.52,427.6,0,Budget Customers
C13525,3,5.0,70.93,212.79,0,Budget Customers
C13540,4,5.0,309.91,1239.64,0,Budget Customers
C13877,5,5.0,676.98,3384.9,1,Regular Customers
C13923,1,6.0,118.8,118.8,2,Premium Customers
C14005,2,4.0,40.23,80.46,2,Premium Customers
C14017,2,2.0,624.16,1248.32,2,Premium Customers
C14080,1,6.0,283.69,283.69,2,Premium Customers
C14114,3,3.0,568.02,1704.06,1,Regular Customers
C14240,1,4.0,491.11,491.11,2,Premium Customers
C14427,2,3.0,266.95,533.9,2,Premium Customers
C14455,3,8.0,54.95,164.85,0,Budget Customers
C14457,5,8.0,79.08,395.4,0,Budget Customers
C14552,5,9.0,224.0,1120.0,0,Budget Customers
C14553,3,8.0,146.73,440.1899999999999,0,Budget Customers
C14568,4,5.0,221.33,885.32,0,Budget Customers
C14576,4,8.0,539.2,2156.8,1,Regular Customers
C14600,2,4.0,220.9,441.8,2,Premium Customers
C14683,2,7.0,534.67,1069.34,2,Premium Customers
C14737,4,7.0,145.41,581.64,0,Budget Customers
C14837,1,6.0,183.18,183.18,2,Premium Customers
C14847,5,4.0,256.78,1097.81,0,Budget Customers
C14891,4,7.0,413.74,1654.96,1,Regular Customers
C14983,1,2.0,17.24,17.24,2,Premium Customers
C15017,1,1.0,675.57,675.57,2,Premium Customers
C15063,5,7.0,85.22,426.1,0,Budget Customers
C15146,5,6.0,38.11,190.55,0,Budget Customers
C15228,3,8.0,474.14,1422.42,1,Regular Customers
C15257,4,6.0,145.05,580.2,0,Budget Customers
C15283,1,6.0,381.02,381.02,2,Premium Customers
C15624,5,9.0,619.52,3097.6,1,Regular Customers
C15629,3,3.0,304.15,912.4499999999999,2,Premium Customers
C15681,4,6.0,540.41,2161.64,1,Regular Customers
C15849,1,2.0,525.43,525.43,2,Premium Customers
C15924,1,3.0,245.89,245.89,2,Premium Customers
C16012,1,5.0,630.82,630.82,2,Premium Customers
C16253,2,4.0,199.7,399.4,2,Premium Customers
C16400,3,4.0,209.48,628.4399999999999,2,Premium Customers
C16429,1,6.0,679.65,679.65,2,Premium Customers
C16612,1,4.0,600.54,600.54,2,Premium Customers
C16675,4,7.0,214.35,857.4,0,Budget Customers
C16693,4,8.0,237.43,949.72,0,Budget Customers
C16702,3,3.0,463.39,1390.17,2,Premium Customers
C16758,3,6.0,62.77,188.31,0,Budget Customers
C16775,5,8.0,670.75,3353.75,1,Regular Customers
C16776,2,4.0,160.0,320.0,2,Premium Customers
C16790,4,8.0,64.74,258.96,0,Budget Customers
C17075,4,8.0,314.76,1259.04,0,Budget Customers
C17103,3,5.0,426.12,1278.36,2,Premium Customers
C17132,1,4.0,386.03,386.03,2,Premium Customers
C17136,4,8.0,160.49,641.96,0,Budget Customers
C17181,5,8.0,455.33,2276.65,1,Regular Customers
C17269,4,4.0,433.45,1733.8,1,Regular Customers
C17302,1,5.0,359.99,359.99,2,Premium Customers
C17388,1,1.0,317.25,317.25,2,Premium Customers
C17389,1,5.0,522.08,522.08,2,Premium Customers
C17470,2,3.0,230.95,461.9,2,Premium Customers
C17551,1,4.0,518.39,518.39,2,Premium Customers
C17591,1,1.0,479.76,479.76,2,Premium Customers
C17921,4,8.0,302.65,1210.6,0,Budget Customers
C17966,2,5.0,92.87,185.74,2,Premium Customers
C18037,2,3.0,70.34,140.68,2,Premium Customers
C18076,3,8.0,588.74,1766.22,1,Regular Customers
C18104,5,9.0,127.18,635.9000000000001,0,Budget Customers
C18105,4,4.0,583.02,2332.08,1,Regular Customers
C18138,3,4.0,539.46,1618.38,1,Regular Customers
C18167,4,7.0,221.96,887.84,0,Budget Customers
C18169,2,2.0,464.92,929.84,2,Premium Customers
C18187,1,3.0,605.28,605.28,2,Premium Customers
C18353,3,4.0,433.33,1299.99,2,Premium Customers
C18404,5,7.0,674.04,3370.2,1,Regular Customers
C18473,2,3.0,420.29,840.58,2,Premium Customers
C18567,4,9.0,91.46,365.84,0,Budget Customers
C18583,5,10.0,364.42,1822.1,1,Regular Customers
C18717,5,8.0,558.63,2793.15,1,Regular Customers
C18724,1,6.0,616.1,616.1,2,Premium Customers
C18820,5,10.0,514.6,2573.0,1,Regular Customers
C18826,3,3.0,481.1,1443.3,2,Premium Customers
C18944,4,7.0,393.8,1575.2,1,Regular Customers
C18984,3,6.0,589.3,1767.9,1,Regular Customers
C19071,3,8.0,450.98,1352.94,1,Regular Customers
C19266,3,3.0,147.39,442.17,2,Premium Customers
C19368,2,7.0,323.22,646.44,2,Premium Customers
C19384,4,6.0,87.79,351.16,0,Budget Customers
C19402,4,6.0,301.17,1204.68,0,Budget Customers
C19439,1,2.0,440.34,440.34,2,Premium Customers
C19451,4,5.0,589.44,2357.76,1,Regular Customers
C19648,4,5.0,668.36,2673.44,1,Regular Customers
C19722,1,4.0,596.24,596.24,2,Premium Customers
C19742,1,5.0,332.09,332.09,2,Premium Customers
C19759,2,2.0,588.3,1176.6,2,Premium Customers
C19937,1,5.0,438.34,438.34,2,Premium Customers
C20077,4,8.0,593.22,2372.88,1,Regular Customers
C20095,2,5.0,662.53,1325.06,2,Premium Customers
C20124,2,5.0,88.73,177.46,2,Premium Customers
C20212,3,4.0,611.45,1834.35,1,Regular Customers
C20256,3,6.0,538.74,1616.22,1,Regular Customers
C20257,5,7.0,268.78,1343.9,0,Budget Customers
C20286,1,1.0,571.9,571.9,2,Premium Customers
C20338,1,2.0,370.85,370.85,2,Premium Customers
C20357,3,8.0,692.44,2077.32,1,Regular Customers
C20448,2,7.0,148.22,296.44,0,Budget Customers
C20512,4,9.0,690.78,2763.12,1,Regular Customers
C20624,1,1.0,479.56,479.56,2,Premium Customers
C20643,4,4.0,502.99,2011.96,1,Regular Customers
C20670,2,5.0,467.91,935.82,2,Premium Customers
C20731,4,8.0,444.44,1777.76,1,Regular Customers
C20752,1,4.0,572.13,572.13,2,Premium Customers
C20817,5,6.0,615.67,3078.35,1,Regular Customers
C20861,5,9.0,488.35,2441.75,1,Regular Customers
C20881,2,5.0,644.05,1288.1,2,Premium Customers
C20977,4,9.0,435.12,1740.48,1,Regular Customers
C21043,1,3.0,694.5,694.5,2,Premium Customers
C21126,1,6.0,107.04,107.04,2,Premium Customers
C21147,1,6.0,335.1,335.1,2,Premium Customers
C21167,4,9.0,558.9,2235.6,1,Regular Customers
C21181,2,4.0,675.1,1350.2,2,Premium Customers
C21191,3,2.0,243.39499999999998,647.77,2,Premium Customers
C21227,1,6.0,590.87,590.87,2,Premium Customers
C21437,1,4.0,222.73,222.73,2,Premium Customers
C21665,4,8.0,425.18,1700.72,1,Regular Customers
C21905,1,3.0,298.06,298.06,2,Premium Customers
C21944,5,6.0,59.55,297.75,0,Budget Customers
C21953,2,3.0,125.23,250.46,2,Premium Customers
C22101,2,4.0,132.6,265.2,2,Premium Customers
C22123,1,1.0,672.89,672.89,2,Premium Customers
C22167,5,9.0,435.66,2178.3,1,Regular Customers
C22429,4,9.0,151.2,604.8,0,Budget Customers
C22534,1,5.0,529.19,529.19,2,Premium Customers
C22657,3,7.0,633.97,1901.91,1,Regular Customers
C22783,4,9.0,692.91,2771.64,1,Regular Customers
C22919,1,3.0,195.86,195.86,2,Premium Customers
C22981,3,7.0,157.4,472.2,0,Budget Customers
C22991,1,1.0,252.68,252.68,2,Premium Customers
C23279,2,4.0,43.67,87.34,2,Premium Customers
C23334,1,5.0,331.06,331.06,2,Premium Customers
C23405,4,8.0,695.1,2780.4,1,Regular Customers
C23555,4,4.0,408.36,1633.44,1,Regular Customers
C23637,1,5.0,553.56,553.56,2,Premium Customers
C23899,5,7.0,271.69,1358.45,0,Budget Customers
C23917,1,3.0,127.55,127.55,2,Premium Customers
C23947,1,6.0,120.98,120.98,2,Premium Customers
C23978,1,1.0,576.35,576.35,2,Premium Customers
C24047,4,9.0,234.45,937.8,0,Budget Customers
C24212,3,5.0,107.36,322.08,0,Budget Customers
C24301,2,4.0,642.04,1284.08,2,Premium Customers
C24347,2,5.0,323.45,646.9,2,Premium Customers
C24369,3,7.0,359.73,1079.19,0,Budget Customers
C24751,5,10.0,501.26,2506.3,1,Regular Customers
C24765,2,4.0,359.86,719.72,2,Premium Customers
C24769,2,7.0,28.55,57.1,0,Budget Customers
C24884,1,5.0,260.26,260.26,2,Premium Customers
C24901,3,8.0,99.9,299.7,0,Budget Customers
C25110,2,4.0,63.21,126.42,2,Premium Customers
C25123,1,2.0,629.21,629.21,2,Premium Customers
C25149,4,5.0,263.62,1054.48,0,Budget Customers
C25162,2,7.0,344.18,688.36,2,Premium Customers
C25268,1,3.0,665.11,665.11,2,Premium Customers
C25276,5,9.0,662.78,3313.9,1,Regular Customers
C25316,2,3.0,39.53,79.06,2,Premium Customers
C25382,5,5.0,90.87,454.35,0,Budget Customers
C25406,1,3.0,161.24,161.24,2,Premium Customers
C25445,5,8.0,131.7,658.5,0,Budget Customers
C25503,2,5.0,105.57,211.14,2,Premium Customers
C25534,5,5.0,196.84,984.2,0,Budget Customers
C25580,4,9.0,390.84,1563.36,1,Regular Customers
C25587,4,8.0,12.1,48.4,0,Budget Customers
C25783,5,8.0,250.68,1253.4,0,Budget Customers
C25841,3,5.0,301.55,904.6500000000001,2,Premium Customers
C25918,5,6.0,133.39,666.9499999999999,0,Budget Customers
C25967,5,6.0,341.96,1709.8,1,Regular Customers
C26118,2,7.0,72.39,144.78,0,Budget Customers
C26137,2,6.0,428.09,856.18,2,Premium Customers
C26152,2,6.0,486.35,972.7,2,Premium Customers
C26163,5,9.0,125.02,625.1,0,Budget Customers
C26188,1,6.0,618.68,618.68,2,Premium Customers
C26210,3,6.0,444.75,1334.25,1,Regular Customers
C26223,1,4.0,657.07,657.07,2,Premium Customers
C26340,2,7.0,184.6,369.2,0,Budget Customers
C26364,4,4.0,328.56,1314.24,0,Budget Customers
C26445,3,6.0,500.08,1500.24,1,Regular Customers
C26637,5,8.0,173.96,869.8000000000001,0,Budget Customers
C26718,4,8.0,263.09,1052.36,0,Budget Customers
C26767,1,5.0,303.6,303.6,2,Premium Customers
C26817,2,2.0,134.28,268.56,2,Premium Customers
C26966,5,10.0,374.58,1872.9,1,Regular Customers
C27070,4,8.0,653.13,2612.52,1,Regular Customers
C27072,3,4.0,154.37,463.11,2,Premium Customers
C27078,5,7.0,236.38,1181.9,0,Budget Customers
C27202,5,10.0,653.47,3267.35,1,Regular Customers
C27203,5,6.0,208.17,1040.85,0,Budget Customers
C27305,2,6.0,695.29,1390.58,1,Regular Customers
C27401,3,8.0,539.91,1619.73,1,Regular Customers
C27430,5,6.0,94.85,474.25,0,Budget Customers
C27435,5,7.0,420.98,2104.9,1,Regular Customers
C27438,1,4.0,70.32,70.32,2,Premium Customers
C27613,4,9.0,615.65,2462.6,1,Regular Customers
C27898,5,7.0,502.71,2513.55,1,Regular Customers
C28049,2,7.0,646.69,1293.38,1,Regular Customers
C28152,3,6.0,571.53,1714.59,1,Regular Customers
C28386,1,2.0,277.09,277.09,2,Premium Customers
C28406,1,2.0,23.53,23.53,2,Premium Customers
C28552,2,4.0,14.93,29.86,2,Premium Customers
C28648,4,7.0,473.86,1895.44,1,Regular Customers
C28712,2,6.0,151.66,303.32,2,Premium Customers
C28740,3,4.0,556.99,1670.97,1,Regular Customers
C28828,3,8.0,131.96,395.88,0,Budget Customers
C28889,3,6.0,86.29,258.87,0,Budget Customers
C28893,1,1.0,620.21,620.21,2,Premium Customers
C28976,2,3.0,533.81,1067.62,2,Premium Customers
C29041,3,6.0,589.56,1768.68,1,Regular Customers
C29059,3,3.0,501.3,1503.9,2,Premium Customers
C29063,5,8.0,95.75,478.75,0,Budget Customers
C29072,2,4.0,343.99,687.98,2,Premium Customers
C29092,4,6.0,15.01,60.04,0,Budget Customers
C29314,2,6.0,394.3,788.6,2,Premium Customers
C29318,1,1.0,24.48,24.48,2,Premium Customers
C29405,2,3.0,224.37,448.74,2,Premium Customers
C29416,1,1.0,150.17,150.17,2,Premium Customers
C29432,3,4.0,468.74,1406.22,2,Premium Customers
C29467,1,1.0,191.76,191.76,2,Premium Customers
C29483,4,5.0,305.72,1222.88,0,Budget Customers
C29568,4,7.0,48.61,194.44,0,Budget Customers
C29620,1,1.0,460.13,460.13,2,Premium Customers
C29685,5,6.0,384.69,1923.45,1,Regular Customers
C29697,1,5.0,401.82,401.82,2,Premium Customers
C29701,3,3.0,20.54,61.62,2,Premium Customers
C29703,4,7.0,697.5,2790.0,1,Regular Customers
C29758,2,6.0,399.32,798.64,2,Premium Customers
C29844,2,3.0,438.62,877.24,2,Premium Customers
C29885,3,4.0,189.44,568.3199999999999,2,Premium Customers
C29905,2,5.0,533.95,1067.9,2,Premium Customers
C29914,1,2.0,133.39,133.39,2,Premium Customers
C29931,4,4.0,153.09,612.36,0,Budget Customers
C30010,3,7.0,127.41,382.23,0,Budget Customers
C30168,3,3.0,311.33,933.99,2,Premium Customers
C30184,1,1.0,427.06,427.06,2,Premium Customers
C30334,2,7.0,133.55,267.1,0,Budget Customers
C30411,4,9.0,637.79,2551.16,1,Regular Customers
C30477,1,2.0,201.58,201.58,2,Premium Customers
C30513,1,5.0,586.44,586.44,2,Premium Customers
C30643,3,7.0,306.29,918.8700000000001,0,Budget Customers
C30686,4,9.0,403.58,1614.32,1,Regular Customers
C30711,1,2.0,278.66,278.66,2,Premium Customers
C30722,5,5.0,266.78,1333.9,0,Budget Customers
C30923,1,2.0,654.27,654.27,2,Premium Customers
C30955,4,9.0,41.9,167.6,0,Budget Customers
C31072,4,8.0,229.1,916.4,0,Budget Customers
C31105,1,2.0,583.99,583.99,2,Premium Customers
C31371,2,6.0,253.68,507.36,2,Premium Customers
C31412,4,7.0,510.58,2042.32,1,Regular Customers
C31501,3,8.0,588.05,1764.15,1,Regular Customers
C31668,5,6.0,113.87,569.35,0,Budget Customers
C31761,4,6.0,650.04,2600.16,1,Regular Customers
C31764,1,6.0,655.09,655.09,2,Premium Customers
C31772,1,4.0,693.41,693.41,2,Premium Customers
C31810,1,2.0,178.44,178.44,2,Premium Customers
C31946,4,6.0,509.38,2037.52,1,Regular Customers
C32011,1,2.0,628.89,628.89,2,Premium Customers
C32029,4,4.0,175.36,701.44,0,Budget Customers
C32121,4,9.0,198.81,795.24,0,Budget Customers
C32183,3,6.0,661.89,1985.67,1,Regular Customers
C32347,1,1.0,249.81,249.81,2,Premium Customers
C32570,1,6.0,11.39,11.39,2,Premium Customers
C32580,5,9.0,374.99,1874.95,1,Regular Customers
C32650,2,4.0,605.26,1210.52,2,Premium Customers
C32687,2,7.0,426.22,852.44,2,Premium Customers
C32798,2,2.0,496.62,993.24,2,Premium Customers
C32854,1,2.0,65.45,65.45,2,Premium Customers
C32943,2,2.0,412.14,824.28,2,Premium Customers
C32956,5,6.0,543.16,2715.8,1,Regular Customers
C32960,5,7.0,444.76,2223.8,1,Regular Customers
C33051,2,2.0,441.54,883.08,2,Premium Customers
C33099,5,9.0,48.38,241.9,0,Budget Customers
C33110,3,3.0,528.14,1584.42,2,Premium Customers
C33220,4,9.0,463.04,1852.16,1,Regular Customers
C33260,3,6.0,423.53,1270.59,1,Regular Customers
C33313,3,8.0,579.55,1738.65,1,Regular Customers
C33315,3,6.0,562.55,1687.65,1,Regular Customers
C33540,1,5.0,273.19,273.19,2,Premium Customers
C33634,4,7.0,588.85,2355.4,1,Regular Customers
C33729,3,6.0,659.57,1978.71,1,Regular Customers
C33744,4,5.0,576.87,2307.48,1,Regular Customers
C33802,1,4.0,604.87,604.87,2,Premium Customers
C34134,1,1.0,254.12,254.12,2,Premium Customers
C34266,4,8.0,629.88,2519.52,1,Regular Customers
C34337,5,7.0,190.11,950.5500000000001,0,Budget Customers
C34416,2,2.0,49.62,99.24,2,Premium Customers
C34555,1,6.0,372.8,372.8,2,Premium Customers
C34686,1,3.0,68.39,68.39,2,Premium Customers
C35043,5,5.0,26.43,132.15,0,Budget Customers
C35091,1,1.0,211.14,211.14,2,Premium Customers
C35100,2,3.0,319.91,639.82,2,Premium Customers
C35117,2,2.0,697.93,1395.86,2,Premium Customers
C35123,4,4.0,386.73,1546.92,1,Regular Customers
C35136,1,5.0,634.94,634.94,2,Premium Customers
C35168,2,7.0,599.86,1199.72,1,Regular Customers
C35355,4,5.0,331.9,1327.6,0,Budget Customers
C35377,5,6.0,623.81,3119.05,1,Regular Customers
C35397,5,7.0,66.31,331.55,0,Budget Customers
C35483,3,3.0,223.7,671.0999999999999,2,Premium Customers
C35566,4,7.0,64.69,258.76,0,Budget Customers
C35628,3,4.0,553.57,1660.71,1,Regular Customers
C35669,5,6.0,578.83,2894.15,1,Regular Customers
C35711,4,4.0,327.12,1308.48,0,Budget Customers
C35785,1,2.0,427.82,427.82,2,Premium Customers
C35852,7,5.5,203.72500000000002,1248.39,0,Budget Customers
C35854,5,9.0,187.97,939.85,0,Budget Customers
C35983,5,10.0,627.43,3137.15,1,Regular Customers
C35987,5,9.0,653.46,3267.3,1,Regular Customers
C36014,2,7.0,434.97,869.94,2,Premium Customers
C36137,3,8.0,239.08,717.24,0,Budget Customers
C36150,2,5.0,534.91,1069.82,2,Premium Customers
C36174,3,3.0,308.98,926.94,2,Premium Customers
C36383,5,5.0,421.44,2107.2,1,Regular Customers
C36408,5,10.0,615.1,3075.5,1,Regular Customers
C36467,1,5.0,75.78,75.78,2,Premium Customers
C36492,1,2.0,45.94,45.94,2,Premium Customers
C36497,2,3.0,43.15,86.3,2,Premium Customers
C36534,3,7.0,654.54,1963.62,1,Regular Customers
C36540,4,4.0,182.08,728.32,0,Budget Customers
C36613,3,3.0,631.64,1894.92,1,Regular Customers
C36688,1,3.0,305.17,305.17,2,Premium Customers
C36725,5,8.0,650.72,3253.6,1,Regular Customers
C36778,1,2.0,388.33,388.33,2,Premium Customers
C36813,3,3.0,614.15,1842.45,1,Regular Customers
C36825,2,2.0,438.76,877.52,2,Premium Customers
C36938,3,3.0,253.98,761.9399999999999,2,Premium Customers
C36992,3,3.0,223.79,671.37,2,Premium Customers
C36997,4,6.0,186.41,745.64,0,Budget Customers
C37032,2,7.0,423.88,847.76,2,Premium Customers
C37235,4,7.0,37.76,151.04,0,Budget Customers
C37249,2,4.0,245.86,491.72,2,Premium Customers
C37375,2,5.0,518.23,1036.46,2,Premium Customers
C37412,1,4.0,432.47,432.47,2,Premium Customers
C37454,3,4.0,434.45,1303.35,2,Premium Customers
C37455,5,7.0,476.01,2380.05,1,Regular Customers
C37531,5,6.0,269.86,1349.3,0,Budget Customers
C37594,4,8.0,340.3,1361.2,0,Budget Customers
C37969,3,5.0,120.82,362.46,0,Budget Customers
C38024,2,7.0,273.43,546.86,0,Budget Customers
C38065,3,6.0,392.85,1178.55,0,Budget Customers
C38068,5,5.0,260.53,1302.65,0,Budget Customers
C38126,4,9.0,515.19,2060.76,1,Regular Customers
C38134,2,3.0,209.94,419.88,2,Premium Customers
C38262,1,6.0,155.27,155.27,2,Premium Customers
C38557,3,4.0,638.5,1915.5,1,Regular Customers
C38642,5,6.0,209.2,1046.0,0,Budget Customers
C38669,4,7.0,101.32,405.28,0,Budget Customers
C38785,2,6.0,180.5,361.0,2,Premium Customers
C38840,9,7.0,630.6300000000001,5723.23,1,Regular Customers
C38845,1,2.0,532.89,532.89,2,Premium Customers
C38928,4,4.0,417.89,1671.56,1,Regular Customers
C38966,5,10.0,404.39,2021.95,1,Regular Customers
C39000,1,3.0,287.46,287.46,2,Premium Customers
C39017,3,6.0,331.46,994.3799999999999,0,Budget Customers
C39074,5,6.0,606.52,3032.6,1,Regular Customers
C39106,1,5.0,546.19,546.19,2,Premium Customers
C39130,5,8.0,45.31,226.55,0,Budget Customers
C39176,4,6.0,434.42,1737.68,1,Regular Customers
C39246,5,8.0,186.28,931.4,0,Budget Customers
C39256,1,3.0,417.1,417.1,2,Premium Customers
C39260,2,2.0,213.83,427.66,2,Premium Customers
C39416,1,3.0,473.96,473.96,2,Premium Customers
C39530,3,6.0,568.05,1704.15,1,Regular Customers
C39550,1,1.0,558.27,558.27,2,Premium Customers
C39551,1,6.0,76.93,76.93,2,Premium Customers
C39593,3,3.0,692.71,2078.13,1,Regular Customers
C39638,4,6.0,540.33,2161.32,1,Regular Customers
C39639,1,5.0,65.95,65.95,2,Premium Customers
C39648,1,2.0,465.33,465.33,2,Premium Customers
C39664,5,10.0,189.25,946.25,0,Budget Customers
C39671,1,3.0,217.56,217.56,2,Premium Customers
C39791,2,5.0,298.53,597.06,2,Premium Customers
C39906,1,3.0,75.01,75.01,2,Premium Customers
C39911,4,7.0,518.4,2073.6,1,Regular Customers
C40136,3,3.0,346.52,1039.56,2,Premium Customers
C40140,5,7.0,72.64,363.2,0,Budget Customers
C40201,2,3.0,92.91,185.82,2,Premium Customers
C40304,4,8.0,119.84,479.36,0,Budget Customers
C40427,1,4.0,613.98,613.98,2,Premium Customers
C40466,1,5.0,541.64,541.64,2,Premium Customers
C40538,2,4.0,211.82,423.64,2,Premium Customers
C40648,2,5.0,301.88,603.76,2,Premium Customers
C40771,4,5.0,174.49,697.96,0,Budget Customers
C40798,3,5.0,360.66,1081.98,2,Premium Customers
C40863,3,5.0,163.13,489.39,0,Budget Customers
C40882,4,8.0,217.13,868.52,0,Budget Customers
C40949,2,7.0,552.63,1105.26,1,Regular Customers
C40967,5,10.0,57.45,287.25,0,Budget Customers
C41132,1,5.0,381.61,381.61,2,Premium Customers
C41137,3,5.0,449.13,1347.39,2,Premium Customers
C41284,4,4.0,184.48,737.92,0,Budget Customers
C41320,3,8.0,569.84,1709.52,1,Regular Customers
C41331,5,10.0,240.61,1203.05,0,Budget Customers
C41460,5,9.0,149.55,747.75,0,Budget Customers
C41478,4,6.0,534.57,2138.28,1,Regular Customers
C41508,4,5.0,107.49,429.96,0,Budget Customers
C41598,3,5.0,490.92,1472.76,1,Regular Customers
C41709,2,6.0,356.35,712.7,2,Premium Customers
C41903,3,4.0,53.6,160.8,0,Budget Customers
C41974,3,7.0,699.93,2099.79,1,Regular Customers
C42108,2,5.0,320.68,641.36,2,Premium Customers
C42235,4,8.0,298.36,1193.44,0,Budget Customers
C42270,2,7.0,241.49,482.98,0,Budget Customers
C42306,3,4.0,204.27,612.8100000000001,2,Premium Customers
C42365,1,2.0,214.08,214.08,2,Premium Customers
C42372,4,5.0,273.25,1093.0,0,Budget Customers
C42451,5,10.0,133.01,665.05,0,Budget Customers
C42577,1,3.0,399.98,399.98,2,Premium Customers
C42949,1,3.0,660.66,660.66,2,Premium Customers
C43124,4,8.0,693.36,2773.44,1,Regular Customers
C43212,4,4.0,550.14,2200.56,1,Regular Customers
C43249,3,8.0,463.81,1391.43,1,Regular Customers
C43330,3,6.0,193.49,580.47,0,Budget Customers
C43335,2,6.0,274.12,548.24,2,Premium Customers
C43338,3,4.0,478.65,1435.95,2,Premium Customers
C43443,5,9.0,625.97,3129.85,1,Regular Customers
C43524,5,5.0,524.26,2621.3,1,Regular Customers
C43538,3,8.0,430.06,1290.18,1,Regular Customers
C43545,5,9.0,375.25,1876.25,1,Regular Customers
C43546,3,4.0,161.97,485.91,2,Premium Customers
C43595,5,9.0,561.48,2807.4,1,Regular Customers
C43721,1,2.0,131.61,131.61,2,Premium Customers
C43842,2,7.0,651.57,1303.14,1,Regular Customers
C43867,1,3.0,524.06,524.06,2,Premium Customers
C43911,4,8.0,418.71,1674.84,1,Regular Customers
C43919,3,7.0,601.6,1804.8,1,Regular Customers
C43965,2,5.0,179.96,359.92,2,Premium Customers
C44148,4,5.0,376.43,1505.72,1,Regular Customers
C44176,1,1.0,77.64,77.64,2,Premium Customers
C44267,2,5.0,426.7,853.4,2,Premium Customers
C44277,1,4.0,458.63,458.63,2,Premium Customers
C44366,2,2.0,388.22,776.44,2,Premium Customers
C44492,5,5.0,55.41,277.05,0,Budget Customers
C44619,3,6.0,158.37,475.11,0,Budget Customers
C44674,1,1.0,627.34,627.34,2,Premium Customers
C44733,1,4.0,87.06,87.06,2,Premium Customers
C44778,1,4.0,153.0,153.0,2,Premium Customers
C45104,1,1.0,687.89,687.89,2,Premium Customers
C45175,1,1.0,70.82,70.82,2,Premium Customers
C45187,5,9.0,84.13,420.65,0,Budget Customers
C45482,2,6.0,99.1,198.2,0,Budget Customers
C45599,5,8.0,475.95,2379.75,1,Regular Customers
C45671,2,5.0,657.48,1314.96,2,Premium Customers
C45862,1,1.0,176.1,176.1,2,Premium Customers
C45899,2,7.0,642.98,1285.96,1,Regular Customers
C46015,5,6.0,362.46,1812.3,1,Regular Customers
C46210,3,3.0,428.88,1286.64,2,Premium Customers
C46316,2,2.0,465.18,930.36,2,Premium Customers
C46504,2,7.0,372.92,745.84,2,Premium Customers
C46509,2,6.0,587.49,1174.98,2,Premium Customers
C46557,2,2.0,118.59,237.18,2,Premium Customers
C46651,5,5.0,239.025,1360.8899999999999,0,Budget Customers
C46873,4,6.0,491.29,1965.16,1,Regular Customers
C46877,1,2.0,210.7,210.7,2,Premium Customers
C46886,3,6.0,616.39,1849.17,1,Regular Customers
C46920,2,3.0,681.06,1362.12,2,Premium Customers
C46967,2,5.0,513.42,1026.84,2,Premium Customers
C47022,3,8.0,166.99,500.97,0,Budget Customers
C47086,4,6.0,152.29,609.16,0,Budget Customers
C47283,1,2.0,263.96,263.96,2,Premium Customers
C47284,3,6.0,297.67,893.01,0,Budget Customers
C47307,2,5.0,601.43,1202.86,2,Premium Customers
C47365,2,7.0,41.0,82.0,0,Budget Customers
C47486,1,5.0,320.92,320.92,2,Premium Customers
C47761,4,6.0,291.35,1165.4,0,Budget Customers
C47778,5,7.0,666.8,3334.0,1,Regular Customers
C47823,2,3.0,478.36,956.72,2,Premium Customers
C48120,1,5.0,280.25,280.25,2,Premium Customers
C48176,4,8.0,434.23,1736.92,1,Regular Customers
C48207,2,2.0,416.81,833.62,2,Premium Customers
C48453,5,10.0,638.8,3194.0,1,Regular Customers
C48510,2,7.0,521.4,1042.8,2,Premium Customers
C48531,1,1.0,30.54,30.54,2,Premium Customers
C48577,4,5.0,410.21,1640.84,1,Regular Customers
C48601,1,3.0,414.47,414.47,2,Premium Customers
C48646,5,6.0,231.82,1159.1,0,Budget Customers
C48649,3,3.0,68.12,204.36,2,Premium Customers
C48713,5,5.0,31.96,159.8,0,Budget Customers
C48790,5,10.0,21.54,107.7,0,Budget Customers
C48846,2,3.0,452.05,904.1,2,Premium Customers
C48939,5,5.0,429.45,2147.25,1,Regular Customers
C48942,4,7.0,663.67,2654.68,1,Regular Customers
C48946,5,6.0,61.97,309.85,0,Budget Customers
C48965,1,5.0,299.35,299.35,2,Premium Customers
C49009,5,9.0,107.48,537.4,0,Budget Customers
C49111,3,5.0,503.39,1510.17,1,Regular Customers
C49137,2,2.0,299.23,598.46,2,Premium Customers
C49187,1,5.0,535.5,535.5,2,Premium Customers
C49198,3,5.0,646.79,1940.37,1,Regular Customers
C49282,5,7.0,50.74,253.7,0,Budget Customers
C49491,5,10.0,22.94,114.7,0,Budget Customers
C49517,1,6.0,594.96,594.96,2,Premium Customers
C49605,2,4.0,228.91,457.82,2,Premium Customers
C49710,4,8.0,409.28,1637.12,1,Regular Customers
C49720,3,4.0,130.61,391.83,2,Premium Customers
C49726,1,6.0,17.98,17.98,2,Premium Customers
C49831,3,6.0,491.43,1474.29,1,Regular Customers
C49838,2,3.0,552.83,1105.66,2,Premium Customers
C49938,1,2.0,62.12,62.12,2,Premium Customers
C49995,4,4.0,246.11,984.44,0,Budget Customers
C50087,3,4.0,122.11,366.33,2,Premium Customers
C50097,5,10.0,467.81,2339.05,1,Regular Customers
C50114,2,7.0,49.08,98.16,0,Budget Customers
C50121,1,5.0,583.18,583.18,2,Premium Customers
C50137,3,3.0,19.73,59.19,2,Premium Customers
C50159,3,5.0,222.34,667.02,0,Budget Customers
C50211,2,3.0,26.5,53.0,2,Premium Customers
C50236,4,4.0,615.83,2463.32,1,Regular Customers
C50274,3,5.0,509.42,1528.26,1,Regular Customers
C50275,5,7.0,53.93,269.65,0,Budget Customers
C50304,2,2.0,465.15,930.3,2,Premium Customers
C50415,5,6.0,566.07,2830.35,1,Regular Customers
C50422,2,4.0,564.58,1129.16,2,Premium Customers
C50565,1,5.0,411.34,411.34,2,Premium Customers
C50612,4,4.0,56.66,226.64,0,Budget Customers
C50682,2,5.0,250.98,501.96,2,Premium Customers
C50683,2,5.0,288.21,576.42,2,Premium Customers
C50732,4,4.0,147.51,590.04,0,Budget Customers
C50967,2,5.0,182.4,364.8,2,Premium Customers
C51024,1,4.0,489.8,489.8,2,Premium Customers
C51145,4,9.0,600.81,2403.24,1,Regular Customers
C51157,3,3.0,592.87,1778.61,1,Regular Customers
C51404,2,7.0,189.06,378.12,0,Budget Customers
C51481,5,10.0,248.84,1244.2,0,Budget Customers
C51494,2,4.0,488.87,977.74,2,Premium Customers
C51694,2,6.0,680.85,1361.7,1,Regular Customers
C51811,3,8.0,445.12,1335.36,1,Regular Customers
C51898,4,6.0,224.61,898.44,0,Budget Customers
C51921,3,5.0,439.53,1318.59,2,Premium Customers
C52184,1,4.0,162.77,162.77,2,Premium Customers
C52313,2,2.0,418.26,836.52,2,Premium Customers
C52342,5,9.0,73.83,369.15,0,Budget Customers
C52604,5,7.0,101.3,506.5,0,Budget Customers
C52717,5,7.0,551.27,2756.35,1,Regular Customers
C52751,4,4.0,263.93,1055.72,0,Budget Customers
C52879,5,5.0,638.92,3194.6,1,Regular Customers
C52914,4,8.0,209.99,839.96,0,Budget Customers
C52915,2,6.0,328.54,657.08,2,Premium Customers
C53049,2,6.0,563.06,1126.12,2,Premium Customers
C53070,4,5.0,512.06,2048.24,1,Regular Customers
C53215,1,6.0,265.38,265.38,2,Premium Customers
C53252,4,4.0,142.58,570.32,0,Budget Customers
C53277,3,7.0,531.72,1595.16,1,Regular Customers
C53334,3,4.0,498.68,1496.04,2,Premium Customers
C53464,5,9.0,659.85,3299.25,1,Regular Customers
C53488,3,3.0,136.84,410.52,2,Premium Customers
C53501,1,3.0,249.57,249.57,2,Premium Customers
C53545,3,8.0,361.39,1084.17,0,Budget Customers
C53627,5,10.0,305.49,1527.45,0,Budget Customers
C53631,3,8.0,198.63,595.89,0,Budget Customers
C53645,3,4.0,483.53,1450.59,2,Premium Customers
C53697,4,5.0,206.84,827.36,0,Budget Customers
C53810,4,8.0,589.57,2358.28,1,Regular Customers
C54160,3,4.0,336.71,1010.13,2,Premium Customers
C54277,2,7.0,259.58,519.16,0,Budget Customers
C54298,3,5.0,479.21,1437.63,1,Regular Customers
C54390,3,7.0,193.58,580.74,0,Budget Customers
C54409,3,7.0,339.39,1018.17,0,Budget Customers
C54494,2,2.0,176.46,352.92,2,Premium Customers
C54499,1,1.0,668.48,668.48,2,Premium Customers
C54595,1,3.0,121.96,121.96,2,Premium Customers
C54675,2,5.0,645.85,1291.7,2,Premium Customers
C54725,2,7.0,144.66,289.32,0,Budget Customers
C54759,1,5.0,109.29,109.29,2,Premium Customers
C54829,5,9.0,62.51,312.55,0,Budget Customers
C54886,1,2.0,355.15,355.15,2,Premium Customers
C55164,3,3.0,659.88,1979.64,1,Regular Customers
C55205,4,7.0,198.35,793.4,0,Budget Customers
C55286,5,8.0,574.79,2873.95,1,Regular Customers
C55354,2,2.0,342.11,684.22,2,Premium Customers
C55388,3,6.0,404.62,1213.86,1,Regular Customers
C55454,1,1.0,677.48,677.48,2,Premium Customers
C55464,1,1.0,601.36,601.36,2,Premium Customers
C55590,1,1.0,625.51,625.51,2,Premium Customers
C55606,4,8.0,275.5,1102.0,0,Budget Customers
C55632,5,10.0,431.69,2158.45,1,Regular Customers
C55636,4,5.0,425.6,1702.4,1,Regular Customers
C55757,2,4.0,461.13,922.26,2,Premium Customers
C55778,5,10.0,110.38,551.9,0,Budget Customers
C55819,5,9.0,253.75,1268.75,0,Budget Customers
C55996,5,10.0,508.69,2543.45,1,Regular Customers
C56266,4,9.0,160.22,640.88,0,Budget Customers
C56506,3,4.0,257.84,773.52,2,Premium Customers
C56553,3,8.0,70.81,212.43,0,Budget Customers
C56564,2,5.0,253.74,507.48,2,Premium Customers
C56622,2,3.0,547.67,1095.34,2,Premium Customers
C56722,5,7.0,22.07,110.35,0,Budget Customers
C56796,1,4.0,678.38,678.38,2,Premium Customers
C56851,5,6.0,191.63,958.15,0,Budget Customers
C56928,4,9.0,358.75,1435.0,0,Budget Customers
C56938,3,7.0,372.6,1117.8,0,Budget Customers
C56969,3,4.0,62.300000000000004,193.0,0,Budget Customers
C57093,3,4.0,184.47,553.41,2,Premium Customers
C57276,5,10.0,691.28,3456.4,1,Regular Customers
C57502,4,6.0,560.58,2242.32,1,Regular Customers
C57601,4,9.0,73.65,294.6,0,Budget Customers
C57798,4,8.0,577.08,2308.32,1,Regular Customers
C57861,3,8.0,305.16,915.48,0,Budget Customers
C57867,4,8.0,385.92,1543.68,1,Regular Customers
C58063,2,6.0,493.63,987.26,2,Premium Customers
C58108,4,4.0,629.34,2517.36,1,Regular Customers
C58156,1,1.0,95.1,95.1,2,Premium Customers
C58168,3,4.0,251.48,754.4399999999999,2,Premium Customers
C58341,1,2.0,639.83,639.83,2,Premium Customers
C58410,1,5.0,645.46,645.46,2,Premium Customers
C58443,2,6.0,424.32,848.64,2,Premium Customers
C58503,5,7.0,280.52,1402.6,0,Budget Customers
C58638,4,6.0,382.88,1531.52,1,Regular Customers
C58721,3,4.0,205.86,617.58,2,Premium Customers
C58773,5,8.0,513.49,2567.45,1,Regular Customers
C58808,2,4.0,269.83,539.66,2,Premium Customers
C58858,2,4.0,337.32,674.64,2,Premium Customers
C59139,5,9.0,91.67,458.35,0,Budget Customers
C59169,4,7.0,629.34,2517.36,1,Regular Customers
C59183,5,8.0,664.51,3322.55,1,Regular Customers
C59278,5,10.0,472.01,2360.05,1,Regular Customers
C59337,2,5.0,534.43,1068.86,2,Premium Customers
C59338,3,6.0,690.3,2070.9,1,Regular Customers
C59441,5,6.0,418.53,2092.65,1,Regular Customers
C59554,2,4.0,456.04,912.08,2,Premium Customers
C59572,1,6.0,542.07,542.07,2,Premium Customers
C59579,2,6.0,448.85,897.7,2,Premium Customers
C59685,2,2.0,394.16,788.32,2,Premium Customers
C59724,2,2.0,409.75,819.5,2,Premium Customers
C59752,5,9.0,307.76,1538.8,0,Budget Customers
C59774,1,6.0,72.6,72.6,2,Premium Customers
C59823,4,5.0,160.07,640.28,0,Budget Customers
C60029,3,8.0,508.12,1524.36,1,Regular Customers
C60037,2,3.0,527.46,1054.92,2,Premium Customers
C60042,4,6.0,440.31,1761.24,1,Regular Customers
C60178,3,4.0,341.15,1023.45,2,Premium Customers
C60190,4,6.0,474.69,1898.76,1,Regular Customers
C60203,2,5.0,291.85,583.7,2,Premium Customers
C60215,4,4.0,83.6,334.4,0,Budget Customers
C60329,5,5.0,495.35,2476.75,1,Regular Customers
C60355,2,7.0,500.29,1000.58,2,Premium Customers
C60361,5,7.0,389.62,1948.1,1,Regular Customers
C60384,4,7.0,371.07,1484.28,1,Regular Customers
C60547,1,5.0,257.0,257.0,2,Premium Customers
C60572,3,8.0,499.21,1497.63,1,Regular Customers
C60575,5,6.0,391.86,1959.3,1,Regular Customers
C60672,1,3.0,423.4,423.4,2,Premium Customers
C60699,3,7.0,411.95,1235.85,1,Regular Customers
C61070,2,2.0,475.78,951.56,2,Premium Customers
C61090,4,7.0,515.59,2062.36,1,Regular Customers
C61162,4,7.0,180.25,721.0,0,Budget Customers
C61225,2,6.0,650.25,1300.5,1,Regular Customers
C61257,2,3.0,253.67,507.34,2,Premium Customers
C61280,3,3.0,490.74,1472.22,2,Premium Customers
C61384,3,5.0,267.45,802.3499999999999,2,Premium Customers
C61440,1,1.0,583.9,583.9,2,Premium Customers
C61521,2,6.0,345.01,690.02,2,Premium Customers
C61549,4,9.0,321.51,1286.04,0,Budget Customers
C61618,4,7.0,122.2,488.8,0,Budget Customers
C61668,2,6.0,69.64,139.28,0,Budget Customers
C61773,4,6.0,245.28,981.12,0,Budget Customers
C61849,4,9.0,577.82,2311.28,1,Regular Customers
C61943,2,5.0,492.9,985.8,2,Premium Customers
C61957,1,6.0,483.38,483.38,2,Premium Customers
C62042,5,10.0,307.98,1539.9,0,Budget Customers
C62070,1,4.0,176.58,176.58,2,Premium Customers
C62169,1,5.0,184.15,184.15,2,Premium Customers
C62277,4,7.0,77.47,309.88,0,Budget Customers
C62312,1,6.0,52.54,52.54,2,Premium Customers
C62405,2,4.0,230.36,460.72,2,Premium Customers
C62512,3,8.0,91.74,275.22,0,Budget Customers
C62557,3,8.0,410.88,1232.64,1,Regular Customers
C62622,1,3.0,562.61,562.61,2,Premium Customers
C62627,1,4.0,41.09,41.09,2,Premium Customers
C62656,4,9.0,218.43,873.72,0,Budget Customers
C62661,3,8.0,382.37,1147.11,0,Budget Customers
C62666,5,8.0,64.5,322.5,0,Budget Customers
C62740,1,6.0,424.4,424.4,2,Premium Customers
C63018,1,4.0,38.49,38.49,2,Premium Customers
C63150,3,4.0,136.97,410.91,2,Premium Customers
C63153,4,4.0,549.76,2199.04,1,Regular Customers
C63365,5,8.0,219.78,1098.9,0,Budget Customers
C63372,5,10.0,485.71,2428.55,1,Regular Customers
C63378,1,2.0,512.39,512.39,2,Premium Customers
C63619,3,6.0,619.21,1857.63,1,Regular Customers
C63657,3,6.0,424.89,1274.67,1,Regular Customers
C63727,2,2.0,362.14,724.28,2,Premium Customers
C63822,4,9.0,126.89,507.56,0,Budget Customers
C63827,4,6.0,493.73,1974.92,1,Regular Customers
C64128,3,8.0,94.88,284.64,0,Budget Customers
C64160,2,4.0,165.49,330.98,2,Premium Customers
C64502,5,6.0,320.01,1600.05,1,Regular Customers
C64516,3,3.0,505.79,1517.37,2,Premium Customers
C64549,5,6.0,201.22,1006.1,0,Budget Customers
C64554,3,4.0,136.84,410.52,2,Premium Customers
C64579,1,5.0,234.37,234.37,2,Premium Customers
C64638,1,3.0,527.57,527.57,2,Premium Customers
C64641,5,5.0,423.93,2119.65,1,Regular Customers
C64753,4,4.0,262.52,1050.08,0,Budget Customers
C64935,1,2.0,304.11,304.11,2,Premium Customers
C65021,2,4.0,404.96,809.92,2,Premium Customers
C65056,4,6.0,532.49,2129.96,1,Regular Customers
C65083,4,6.0,657.79,2631.16,1,Regular Customers
C65107,1,4.0,70.24,70.24,2,Premium Customers
C65180,4,7.0,214.54,858.16,0,Budget Customers
C65251,5,10.0,233.67,1168.35,0,Budget Customers
C65414,2,7.0,297.71,595.42,0,Budget Customers
C65497,1,6.0,163.32,163.32,2,Premium Customers
C65524,5,7.0,383.82,1919.1,1,Regular Customers
C65565,3,3.0,134.05,402.15,2,Premium Customers
C65744,1,1.0,582.04,582.04,2,Premium Customers
C65799,4,9.0,565.2,2260.8,1,Regular Customers
C65890,5,6.0,315.57,1577.85,1,Regular Customers
C65905,5,9.0,190.08,950.4000000000001,0,Budget Customers
C65986,5,5.0,670.48,3352.4,1,Regular Customers
C66078,4,9.0,275.28,1101.12,0,Budget Customers
C66093,4,6.0,648.91,2595.64,1,Regular Customers
C66112,4,8.0,466.7,1866.8,1,Regular Customers
C66116,5,7.0,64.49,322.45,0,Budget Customers
C66149,4,6.0,384.32,1537.28,1,Regular Customers
C66196,2,7.0,398.45,796.9,2,Premium Customers
C66254,1,1.0,515.32,515.32,2,Premium Customers
C66332,3,5.0,635.98,1907.94,1,Regular Customers
C66349,1,1.0,565.85,565.85,2,Premium Customers
C66438,1,5.0,90.27,90.27,2,Premium Customers
C66462,5,6.0,347.92,1739.6,1,Regular Customers
C66521,4,5.0,400.07,1600.28,1,Regular Customers
C66567,2,5.0,39.51,79.02,2,Premium Customers
C66840,4,9.0,578.27,2313.08,1,Regular Customers
C66906,2,2.0,259.32,518.64,2,Premium Customers
C67195,4,5.0,576.52,2306.08,1,Regular Customers
C67260,5,7.0,678.16,3390.8,1,Regular Customers
C67387,5,8.0,283.73,1418.65,0,Budget Customers
C67528,4,5.0,296.28,1185.12,0,Budget Customers
C67533,1,1.0,26.95,26.95,2,Premium Customers
C67551,4,5.0,488.78,1955.12,1,Regular Customers
C67561,3,4.0,553.52,1660.56,1,Regular Customers
C67583,1,3.0,338.31,338.31,2,Premium Customers
C67604,2,7.0,139.69,279.38,0,Budget Customers
C67687,2,7.0,434.3,868.6,2,Premium Customers
C67818,1,6.0,442.39,442.39,2,Premium Customers
C67870,4,6.0,412.2,1648.8,1,Regular Customers
C67932,3,7.0,171.66,514.98,0,Budget Customers
C67936,2,3.0,536.25,1072.5,2,Premium Customers
C68078,2,7.0,493.88,987.76,2,Premium Customers
C68266,3,7.0,653.63,1960.89,1,Regular Customers
C68508,1,3.0,123.28,123.28,2,Premium Customers
C68553,3,4.0,247.47,742.41,2,Premium Customers
C68609,3,3.0,443.44,1330.32,2,Premium Customers
C68936,3,6.0,554.25,1662.75,1,Regular Customers
C68937,2,2.0,425.03,850.06,2,Premium Customers
C68976,5,9.0,173.65,868.25,0,Budget Customers
C69009,5,10.0,456.06,2280.3,1,Regular Customers
C69021,3,8.0,624.84,1874.52,1,Regular Customers
C69149,2,7.0,531.49,1062.98,2,Premium Customers
C69167,3,7.0,55.01,165.03,0,Budget Customers
C69168,1,5.0,21.19,21.19,2,Premium Customers
C69213,4,7.0,644.96,2579.84,1,Regular Customers
C69332,3,7.0,565.25,1695.75,1,Regular Customers
C69396,3,6.0,602.75,1808.25,1,Regular Customers
C69471,4,4.0,362.06,1448.24,1,Regular Customers
C69476,4,5.0,249.07,996.28,0,Budget Customers
C69542,1,1.0,422.54,422.54,2,Premium Customers
C69994,5,5.0,466.42,2332.1,1,Regular Customers
C70010,5,10.0,230.77,1153.85,0,Budget Customers
C70148,5,10.0,529.55,2647.75,1,Regular Customers
C70246,3,7.0,158.74,476.22,0,Budget Customers
C70315,4,5.0,506.11,2024.44,1,Regular Customers
C70352,1,4.0,626.6,626.6,2,Premium Customers
C70412,4,5.0,578.28,2313.12,1,Regular Customers
C70426,2,3.0,336.32,672.64,2,Premium Customers
C70437,4,5.0,655.18,2620.72,1,Regular Customers
C70452,4,7.0,316.32,1265.28,0,Budget Customers
C70492,4,8.0,496.0,1984.0,1,Regular Customers
C70495,2,3.0,57.07,114.14,2,Premium Customers
C70506,1,3.0,454.23,454.23,2,Premium Customers
C70529,1,6.0,105.92,105.92,2,Premium Customers
C70554,3,8.0,139.45,418.35,0,Budget Customers
C70566,5,5.0,536.58,2682.9,1,Regular Customers
C70613,5,7.0,464.74,2323.7,1,Regular Customers
C70633,2,3.0,183.67,367.34,2,Premium Customers
C70659,8,6.5,285.76,1853.96,1,Regular Customers
C70921,2,3.0,228.54,457.08,2,Premium Customers
C70999,2,6.0,216.66,433.32,2,Premium Customers
C71035,1,5.0,436.77,436.77,2,Premium Customers
C71040,4,4.0,434.85,1739.4,1,Regular Customers
C71076,2,4.0,255.99,511.98,2,Premium Customers
C71122,1,6.0,634.4,634.4,2,Premium Customers
C71310,5,8.0,584.46,2922.3,1,Regular Customers
C71471,1,4.0,595.54,595.54,2,Premium Customers
C71473,5,8.0,341.84,1709.2,1,Regular Customers
C71486,3,3.0,469.32,1407.96,2,Premium Customers
C71570,4,9.0,534.48,2137.92,1,Regular Customers
C71680,4,9.0,567.57,2270.28,1,Regular Customers
C71698,5,8.0,489.37,2446.85,1,Regular Customers
C71797,4,5.0,464.29,1857.16,1,Regular Customers
C71899,3,4.0,668.33,2004.99,1,Regular Customers
C72007,3,4.0,432.85,1298.55,2,Premium Customers
C72043,1,2.0,394.53,394.53,2,Premium Customers
C72166,1,6.0,314.38,314.38,2,Premium Customers
C72241,4,8.0,677.37,2709.48,1,Regular Customers
C72290,3,7.0,185.4,556.2,0,Budget Customers
C72293,3,6.0,229.34,688.02,0,Budget Customers
C72533,1,5.0,376.76,376.76,2,Premium Customers
C72588,5,8.0,314.94,1574.7,0,Budget Customers
C72596,2,7.0,385.16,770.32,2,Premium Customers
C72649,5,7.0,570.62,2853.1,1,Regular Customers
C72664,1,5.0,627.15,627.15,2,Premium Customers
C72862,1,5.0,84.8,84.8,2,Premium Customers
C73225,2,3.0,550.18,1100.36,2,Premium Customers
C73289,3,4.0,648.59,1945.77,1,Regular Customers
C73370,1,1.0,44.35,44.35,2,Premium Customers
C73514,3,3.0,465.05,1395.15,2,Premium Customers
C73575,5,8.0,643.89,3219.45,1,Regular Customers
C73587,4,9.0,408.21,1632.84,1,Regular Customers
C73629,1,3.0,265.64,265.64,2,Premium Customers
C73813,4,7.0,111.3,445.2,0,Budget Customers
C73873,2,5.0,330.69,661.38,2,Premium Customers
C73893,5,6.0,327.68,1638.4,1,Regular Customers
C73941,2,5.0,625.22,1250.44,2,Premium Customers
C73961,4,8.0,132.56,530.24,0,Budget Customers
C73996,2,6.0,143.82,287.64,0,Budget Customers
C73999,2,4.0,187.88,375.76,2,Premium Customers
C74003,4,4.0,305.32,1221.28,0,Budget Customers
C74005,5,7.0,448.15,2240.75,1,Regular Customers
C74138,2,3.0,98.47,196.94,2,Premium Customers
C74169,1,3.0,310.93,310.93,2,Premium Customers
C74359,5,5.0,368.25,1841.25,1,Regular Customers
C74499,2,7.0,372.23,744.46,2,Premium Customers
C74519,3,4.0,315.27,945.81,2,Premium Customers
C74562,1,5.0,220.77,220.77,2,Premium Customers
C74866,3,6.0,664.79,1994.37,1,Regular Customers
C74928,2,4.0,306.24,612.48,2,Premium Customers
C74982,5,8.0,408.56,2042.8,1,Regular Customers
C75018,3,7.0,669.06,2007.18,1,Regular Customers
C75439,3,7.0,114.81,344.43,0,Budget Customers
C75456,3,5.0,92.22,276.66,0,Budget Customers
C75619,2,5.0,371.29,742.58,2,Premium Customers
C75739,2,3.0,151.35,302.7,2,Premium Customers
C75888,3,7.0,448.9,1346.7,1,Regular Customers
C76140,4,6.0,206.6,826.4,0,Budget Customers
C76207,5,8.0,521.25,2606.25,1,Regular Customers
C76362,3,8.0,236.5,709.5,0,Budget Customers
C76653,4,9.0,384.85,1539.4,1,Regular Customers
C76675,3,6.0,663.93,1991.79,1,Regular Customers
C76700,2,2.0,311.91,623.82,2,Premium Customers
C76761,4,7.0,117.51,470.04,0,Budget Customers
C76766,4,6.0,628.12,2512.48,1,Regular Customers
C76929,1,1.0,356.81,356.81,2,Premium Customers
C77046,4,9.0,185.41,741.64,0,Budget Customers
C77085,4,8.0,262.58,1050.32,0,Budget Customers
C77122,1,4.0,438.37,438.37,2,Premium Customers
C77166,3,3.0,247.11,741.33,2,Premium Customers
C77272,5,8.0,498.48,2492.4,1,Regular Customers
C77344,1,6.0,343.31,343.31,2,Premium Customers
C77357,1,4.0,474.6,474.6,2,Premium Customers
C77363,1,3.0,96.81,96.81,2,Premium Customers
C77499,3,3.0,182.48,547.4399999999999,2,Premium Customers
C77736,2,3.0,399.04,798.08,2,Premium Customers
C77763,3,8.0,502.77,1508.31,1,Regular Customers
C77800,3,3.0,459.34,1378.02,2,Premium Customers
C77872,2,4.0,513.59,1027.18,2,Premium Customers
C77961,3,5.0,362.53,1087.59,2,Premium Customers
C78170,5,6.0,68.34,341.7,0,Budget Customers
C78305,3,7.0,364.14,1092.42,0,Budget Customers
C78500,5,10.0,502.47,2512.35,1,Regular Customers
C78684,3,8.0,588.44,1765.32,1,Regular Customers
C78724,3,7.0,422.13,1266.39,1,Regular Customers
C78725,4,4.0,470.09,1880.36,1,Regular Customers
C78959,2,2.0,316.2,632.4,2,Premium Customers
C79142,1,4.0,569.96,569.96,2,Premium Customers
C79475,5,8.0,508.59,2542.95,1,Regular Customers
C79506,2,6.0,373.17,746.34,2,Premium Customers
C79508,1,6.0,135.17,135.17,2,Premium Customers
C79533,5,5.0,601.72,3008.6,1,Regular Customers
C79674,2,2.0,436.84,873.68,2,Premium Customers
C79722,5,10.0,276.44,1382.2,0,Budget Customers
C79821,1,6.0,531.18,531.18,2,Premium Customers
C79842,4,7.0,236.41,945.64,0,Budget Customers
C79909,2,5.0,68.81,137.62,2,Premium Customers
C80004,3,3.0,684.14,2052.42,1,Regular Customers
C80135,5,5.0,221.51,1107.55,0,Budget Customers
C80151,4,8.0,430.83,1723.32,1,Regular Customers
C80183,1,5.0,365.57,365.57,2,Premium Customers
C80223,4,8.0,662.94,2651.76,1,Regular Customers
C80416,5,10.0,217.43,1087.15,0,Budget Customers
C80649,1,4.0,312.11,312.11,2,Premium Customers
C80651,3,5.0,398.17,1194.51,2,Premium Customers
C80735,2,4.0,65.07,130.14,2,Premium Customers
C80868,3,7.0,473.49,1420.47,1,Regular Customers
C80872,5,9.0,396.86,1984.3,1,Regular Customers
C80987,1,2.0,132.05,132.05,2,Premium Customers
C81074,1,2.0,157.72,157.72,2,Premium Customers
C81192,3,5.0,646.34,1939.02,1,Regular Customers
C81319,5,5.0,268.43,1342.15,0,Budget Customers
C81366,1,2.0,410.6,410.6,2,Premium Customers
C81370,5,7.0,506.45,2532.25,1,Regular Customers
C81547,2,6.0,255.26,510.52,2,Premium Customers
C81573,1,1.0,36.65,36.65,2,Premium Customers
C81726,4,6.0,540.34,2161.36,1,Regular Customers
C81728,5,8.0,550.68,2753.4,1,Regular Customers
C81840,4,8.0,626.01,2504.04,1,Regular Customers
C81857,2,3.0,563.82,1127.64,2,Premium Customers
C81882,3,6.0,154.64,463.92,0,Budget Customers
C82068,1,3.0,408.13,408.13,2,Premium Customers
C82217,4,8.0,429.37,1717.48,1,Regular Customers
C82313,3,8.0,65.86,197.58,0,Budget Customers
C82318,1,2.0,528.06,528.06,2,Premium Customers
C82344,3,5.0,676.21,2028.63,1,Regular Customers
C82399,1,6.0,158.68,158.68,2,Premium Customers
C82550,2,4.0,333.83,667.66,2,Premium Customers
C82685,3,7.0,158.66,475.98,0,Budget Customers
C82781,4,4.0,27.42,109.68,0,Budget Customers
C82858,3,5.0,197.97,593.91,0,Budget Customers
C82921,1,4.0,208.36,208.36,2,Premium Customers
C82990,2,4.0,150.05,300.1,2,Premium Customers
C83026,5,5.0,337.38,1686.9,1,Regular Customers
C83223,4,7.0,162.71,650.84,0,Budget Customers
C83492,1,6.0,664.42,664.42,2,Premium Customers
C83548,1,2.0,144.25,144.25,2,Premium Customers
C83556,4,5.0,264.79,1059.16,0,Budget Customers
C83653,4,6.0,231.26,925.04,0,Budget Customers
C83911,4,5.0,699.88,2799.52,1,Regular Customers
C84041,2,3.0,500.8,1001.6,2,Premium Customers
C84115,3,4.0,454.29,1362.87,2,Premium Customers
C84134,4,8.0,693.07,2772.28,1,Regular Customers
C84320,3,7.0,69.65,208.95,0,Budget Customers
C84329,1,3.0,431.44,431.44,2,Premium Customers
C84331,5,6.0,644.64,3223.2,1,Regular Customers
C84480,5,9.0,468.51,2342.55,1,Regular Customers
C84524,4,8.0,517.98,2071.92,1,Regular Customers
C84563,2,3.0,236.33,472.66,2,Premium Customers
C84570,4,6.0,30.05,120.2,0,Budget Customers
C84630,5,6.0,518.55,2592.75,1,Regular Customers
C84645,2,4.0,411.49,822.98,2,Premium Customers
C84700,5,7.0,319.97,1599.85,1,Regular Customers
C84766,2,4.0,344.02,688.04,2,Premium Customers
C84834,3,8.0,136.34,409.02,0,Budget Customers
C84888,1,1.0,51.73,51.73,2,Premium Customers
C84908,1,4.0,420.26,420.26,2,Premium Customers
C85018,3,3.0,274.75,824.25,2,Premium Customers
C85059,4,8.0,246.85,987.4,0,Budget Customers
C85074,4,8.0,233.7,934.8,0,Budget Customers
C85282,5,9.0,628.74,3143.7,1,Regular Customers
C85322,3,6.0,271.02,813.06,0,Budget Customers
C85330,5,9.0,228.09,1140.45,0,Budget Customers
C85421,3,4.0,547.15,1641.45,1,Regular Customers
C85466,3,3.0,147.29,441.87,2,Premium Customers
C85520,4,9.0,465.66,1862.64,1,Regular Customers
C85841,4,8.0,649.47,2597.88,1,Regular Customers
C85863,3,4.0,132.48,397.4399999999999,2,Premium Customers
C85929,3,6.0,146.91,440.73,0,Budget Customers
C85993,4,8.0,547.32,2189.28,1,Regular Customers
C86064,3,5.0,278.04,834.1200000000001,2,Premium Customers
C86266,4,5.0,404.58,1618.32,1,Regular Customers
C86374,5,7.0,272.77,1363.85,0,Budget Customers
C86408,4,4.0,21.07,84.28,0,Budget Customers
C86481,1,5.0,171.59,171.59,2,Premium Customers
C86524,2,2.0,366.23,732.46,2,Premium Customers
C86762,5,10.0,408.73,2043.65,1,Regular Customers
C86773,4,9.0,197.36,789.44,0,Budget Customers
C86864,2,4.0,46.36,92.72,2,Premium Customers
C87011,4,8.0,25.29,101.16,0,Budget Customers
C87051,1,1.0,72.31,72.31,2,Premium Customers
C87124,1,5.0,198.51,198.51,2,Premium Customers
C87181,4,9.0,654.79,2619.16,1,Regular Customers
C87216,5,10.0,316.07,1580.35,0,Budget Customers
C87281,5,7.0,648.65,3243.25,1,Regular Customers
C87432,4,6.0,302.05,1208.2,0,Budget Customers
C87448,1,6.0,450.07,450.07,2,Premium Customers
C87524,1,5.0,625.0,625.0,2,Premium Customers
C87529,4,8.0,246.91,987.64,0,Budget Customers
C87547,4,8.0,95.03,380.12,0,Budget Customers
C87687,3,3.0,379.07,1137.21,2,Premium Customers
C87764,2,2.0,103.41,206.82,2,Premium Customers
C87777,2,3.0,408.32,816.64,2,Premium Customers
C87994,4,7.0,598.19,2392.76,1,Regular Customers
C87995,4,5.0,481.48,1925.92,1,Regular Customers
C88029,5,5.0,655.55,3277.75,1,Regular Customers
C88036,5,6.0,314.27,1571.35,1,Regular Customers
C88075,5,9.0,530.34,2651.7,1,Regular Customers
C88174,1,4.0,18.2,18.2,2,Premium Customers
C88205,5,5.0,643.03,3215.15,1,Regular Customers
C88304,2,2.0,384.14,768.28,2,Premium Customers
C88348,3,4.0,201.49,604.47,2,Premium Customers
C88370,2,5.0,139.95,279.9,2,Premium Customers
C88371,4,6.0,283.16,1132.64,0,Budget Customers
C88463,5,9.0,507.94,2539.7,1,Regular Customers
C88546,4,7.0,203.46,813.84,0,Budget Customers
C88644,1,4.0,392.61,392.61,2,Premium Customers
C88645,3,5.0,583.72,1751.16,1,Regular Customers
C88775,5,5.0,397.81,1989.05,1,Regular Customers
C88933,1,2.0,92.04,92.04,2,Premium Customers
C88981,4,5.0,611.26,2445.04,1,Regular Customers
C89336,1,3.0,92.79,92.79,2,Premium Customers
C89559,2,6.0,331.42,662.84,2,Premium Customers
C89592,5,6.0,509.58,2547.9,1,Regular Customers
C89674,2,3.0,575.83,1151.66,2,Premium Customers
C89732,1,5.0,406.22,406.22,2,Premium Customers
C89822,1,1.0,410.78,410.78,2,Premium Customers
C89979,5,8.0,634.0,3170.0,1,Regular Customers
C90110,1,5.0,418.36,418.36,2,Premium Customers
C90132,5,9.0,260.93,1304.65,0,Budget Customers
C90142,1,2.0,334.39,334.39,2,Premium Customers
C90292,4,5.0,276.32,1105.28,0,Budget Customers
C90310,4,5.0,190.64,762.56,0,Budget Customers
C90318,2,5.0,629.56,1259.12,2,Premium Customers
C90348,4,7.0,224.75,899.0,0,Budget Customers
C90350,2,6.0,183.67,367.34,2,Premium Customers
C90363,5,6.0,608.91,3044.55,1,Regular Customers
C90431,2,4.0,422.34,844.68,2,Premium Customers
C90573,1,3.0,438.93,438.93,2,Premium Customers
C90595,5,5.0,78.29,391.45,0,Budget Customers
C90612,3,7.0,367.75,1103.25,0,Budget Customers
C90757,4,8.0,494.84,1979.36,1,Regular Customers
C90852,3,8.0,575.01,1725.03,1,Regular Customers
C90898,5,7.0,298.39,1491.95,0,Budget Customers
C90993,4,4.0,38.28,153.12,0,Budget Customers
C91029,4,9.0,532.87,2131.48,1,Regular Customers
C91099,2,5.0,512.65,1025.3,2,Premium Customers
C91103,4,7.0,255.86,1023.44,0,Budget Customers
C91123,4,9.0,300.56,1202.24,0,Budget Customers
C91155,6,6.5,129.01,704.8199999999999,0,Budget Customers
C91201,2,7.0,46.5,93.0,0,Budget Customers
C91245,3,4.0,225.11,675.33,2,Premium Customers
C91255,5,8.0,170.22,851.1,0,Budget Customers
C91454,2,3.0,278.88,557.76,2,Premium Customers
C91486,4,8.0,67.08,268.32,0,Budget Customers
C91518,3,3.0,253.05,759.1500000000001,2,Premium Customers
C91582,3,7.0,649.93,1949.79,1,Regular Customers
C91591,4,5.0,652.48,2609.92,1,Regular Customers
C91805,3,7.0,606.41,1819.23,1,Regular Customers
C91941,3,4.0,396.0,1188.0,2,Premium Customers
C92049,4,8.0,666.52,2666.08,1,Regular Customers
C92086,2,3.0,374.6,749.2,2,Premium Customers
C92180,2,7.0,488.9,977.8,2,Premium Customers
C92294,4,7.0,306.35,1225.4,0,Budget Customers
C92407,3,4.0,557.41,1672.23,1,Regular Customers
C92548,5,6.0,226.45,1132.25,0,Budget Customers
C92575,5,10.0,492.94,2464.7,1,Regular Customers
C92788,1,6.0,243.71,243.71,2,Premium Customers
C93007,2,7.0,232.83,465.66,0,Budget Customers
C93175,4,9.0,14.69,58.76,0,Budget Customers
C93220,2,4.0,365.17,730.34,2,Premium Customers
C93276,5,10.0,330.45,1652.25,1,Regular Customers
C93309,5,5.0,364.28,1821.4,1,Regular Customers
C93375,3,7.0,148.72,446.16,0,Budget Customers
C93379,3,8.0,42.95,128.85,0,Budget Customers
C93467,4,6.0,554.83,2219.32,1,Regular Customers
C93473,5,6.0,639.37,3196.85,1,Regular Customers
C93618,3,3.0,201.21,603.63,2,Premium Customers
C93768,3,8.0,324.3,972.9000000000001,0,Budget Customers
C93821,3,7.0,358.48,1075.44,0,Budget Customers
C93861,3,7.0,49.14,147.42,0,Budget Customers
C93948,3,6.0,112.29,336.87,0,Budget Customers
C94037,2,2.0,255.14,510.28,2,Premium Customers
C94248,1,4.0,64.66,64.66,2,Premium Customers
C94257,2,7.0,697.19,1394.38,1,Regular Customers
C94311,4,6.0,685.2,2740.8,1,Regular Customers
C94323,5,10.0,75.81,379.05,0,Budget Customers
C94381,2,4.0,608.04,1216.08,2,Premium Customers
C94479,5,9.0,62.81,314.05,0,Budget Customers
C94508,4,6.0,44.07,176.28,0,Budget Customers
C94568,4,5.0,484.85,1939.4,1,Regular Customers
C94569,3,2.5,540.64,1675.3500000000001,2,Premium Customers
C94595,4,6.0,61.91,247.64,0,Budget Customers
C94658,2,5.0,443.22,886.44,2,Premium Customers
C94671,1,5.0,167.15,167.15,2,Premium Customers
C94698,1,5.0,586.62,586.62,2,Premium Customers
C94921,2,4.0,219.1,438.2,2,Premium Customers
C95100,1,1.0,627.2,627.2,2,Premium Customers
C95213,3,8.0,602.24,1806.72,1,Regular Customers
C95269,2,5.0,194.85,389.7,2,Premium Customers
C95271,3,7.0,309.22,927.6600000000001,0,Budget Customers
C95568,3,4.0,324.47,973.4100000000001,2,Premium Customers
C95623,3,3.0,623.34,1870.02,1,Regular Customers
C95643,4,5.0,606.57,2426.28,1,Regular Customers
C95667,4,7.0,115.77,463.08,0,Budget Customers
C95856,2,5.0,639.88,1279.76,2,Premium Customers
C95901,3,4.0,664.46,1993.38,1,Regular Customers
C95984,3,3.0,344.4,1033.2,2,Premium Customers
C96034,4,9.0,30.27,121.08,0,Budget Customers
C96136,5,7.0,389.22,1946.1,1,Regular Customers
C96257,4,6.0,450.75,1803.0,1,Regular Customers
C96261,2,5.0,485.37,970.74,2,Premium Customers
C96283,3,3.0,308.01,924.03,2,Premium Customers
C96434,4,6.0,634.05,2536.2,1,Regular Customers
C96494,1,6.0,179.22,179.22,2,Premium Customers
C96583,4,8.0,34.84,139.36,0,Budget Customers
C96595,3,5.0,573.22,1719.66,1,Regular Customers
C96636,1,5.0,39.56,39.56,2,Premium Customers
C96664,3,4.0,256.46,769.3799999999999,2,Premium Customers
C96695,1,6.0,564.86,564.86,2,Premium Customers
C96787,2,2.0,533.02,1066.04,2,Premium Customers
C96822,2,2.0,494.78,989.56,2,Premium Customers
C97148,4,8.0,283.79,1135.16,0,Budget Customers
C97187,1,6.0,670.54,670.54,2,Premium Customers
C97218,5,10.0,460.14,2300.7,1,Regular Customers
C97262,4,7.0,431.01,1724.04,1,Regular Customers
C97454,2,2.0,349.4,698.8,2,Premium Customers
C97485,4,4.0,228.91,915.64,0,Budget Customers
C97593,5,7.0,534.1800000000001,2855.2200000000003,1,Regular Customers
C97603,4,5.0,593.27,2373.08,1,Regular Customers
C97643,4,8.0,512.75,2051.0,1,Regular Customers
C97681,5,9.0,433.26,2166.3,1,Regular Customers
C97715,2,2.0,363.91,727.82,2,Premium Customers
C97735,5,6.0,81.7,408.5,0,Budget Customers
C97749,3,5.0,342.02,1026.06,2,Premium Customers
C97774,4,7.0,451.97,1807.88,1,Regular Customers
C97907,3,4.0,586.21,1758.63,1,Regular Customers
C98096,2,4.0,317.77,635.54,2,Premium Customers
C98168,5,5.0,420.7,2103.5,1,Regular Customers
C98216,5,6.0,492.75,2463.75,1,Regular Customers
C98276,1,5.0,14.06,14.06,2,Premium Customers
C98278,3,8.0,413.83,1241.49,1,Regular Customers
C98317,4,4.0,696.71,2786.84,1,Regular Customers
C98332,3,3.0,438.89,1316.67,2,Premium Customers
C98354,3,3.0,50.34,151.02,2,Premium Customers
C98450,4,9.0,89.41,357.64,0,Budget Customers
C98474,6,5.5,370.25,2175.34,1,Regular Customers
C98483,5,10.0,22.14,110.7,0,Budget Customers
C98635,1,6.0,538.68,538.68,2,Premium Customers
C98761,4,4.0,498.51,1994.04,1,Regular Customers
C99023,4,6.0,342.95,1371.8,0,Budget Customers
C99024,1,1.0,684.65,684.65,2,Premium Customers
C99050,2,3.0,600.57,1201.14,2,Premium Customers
C99116,4,6.0,686.61,2746.44,1,Regular Customers
C99128,3,5.0,46.11,138.33,0,Budget Customers
C99173,3,5.0,356.84,1070.52,2,Premium Customers
C99205,2,7.0,512.33,1024.66,2,Premium Customers
C99214,3,6.0,32.62,97.85999999999999,0,Budget Customers
C99217,5,10.0,287.13,1435.65,0,Budget Customers
C99271,2,5.0,113.29,226.58,2,Premium Customers
C99533,1,4.0,678.01,678.01,2,Premium Customers
C99589,1,1.0,641.39,641.39,2,Premium Customers
C99683,5,10.0,332.64,1663.2,1,Regular Customers
C99775,4,9.0,413.71,1654.84,1,Regular Customers
C99879,3,8.0,273.96,821.8799999999999,0,Budget Customers
C99904,2,3.0,323.37,646.74,2,Premium Customers
